{"row_count":40,"columns":{"OGC_FID":{"type":"number","distinct":40,"row_count":40,"values":{"24":1,"35":1,"37":1,"13":1,"19":1,"23":1,"26":1,"32":1,"38":1,"15":1,"20":1,"3":1,"4":1,"10":1,"25":1,"33":1,"11":1,"0":1,"21":1,"8":1,"16":1,"17":1,"6":1,"36":1,"39":1,"2":1,"27":1,"30":1,"31":1,"5":1,"7":1,"9":1,"34":1,"1":1,"18":1,"22":1,"14":1,"28":1,"29":1,"12":1}},"OBJECTID":{"type":"number","distinct":39,"row_count":40,"values":{"0":2,"5":1,"37":1,"28":1,"21":1,"27":1,"2":1,"25":1,"30":1,"31":1,"14":1,"29":1,"12":1,"11":1,"10":1,"4":1,"33":1,"6":1,"36":1,"1":1,"18":1,"22":1,"13":1,"19":1,"23":1,"26":1,"32":1,"38":1,"15":1,"20":1,"3":1,"7":1,"34":1,"8":1,"16":1,"17":1,"24":1,"35":1,"9":1}},"Shape_Leng":{"type":"number","distinct":39,"row_count":40,"values":{"0.0":2,"0.154172151214":1,"0.0740022872381":1,"0.0548940288479":1,"0.0647718564756":1,"0.0518453165504":1,"0.0692859597178":1,"0.0727802419436":1,"0.116189065563":1,"0.176254837448":1,"0.0473801949858":1,"0.0770454749735":1,"0.118249852652":1,"0.131861706365":1,"0.100994909762":1,"0.147206970603":1,"0.0920982730973":1,"0.219793479368":1,"0.0560370153549":1,"0.142487029003":1,"0.0430740349323":1,"0.0662702025105":1,"0.188310973986":1,"0.0470230964935":1,"0.0586524106369":1,"0.05846851501":1,"0.0636672294704":1,"0.113422399241":1,"0.0782857867889":1,"0.0700373579144":1,"0.0430908015255":1,"0.318129370143":1,"0.0690737308883":1,"0.127413315466":1,"0.0479002412516":1,"0.0988330588752":1,"0.12917121079":1,"0.16640028218":1,"0.059146604787":1}},"Shape_Area":{"type":"number","distinct":40,"row_count":40,"values":{"0.000145251643292":1,"0.000233191625049":1,"0.000942627767658":1,"0.000496455077762":1,"0.000671876466134":1,"0.000472878910083":1,"0.000550063584367":1,"0.000364073461428":1,"0.000145024713401":1,"0.000435065469108":1,"0.000207241525643":1,"0.0038809564025":1,"0.000211005107508":1,"0.00015579380475":1,"0.000265275787313":1,"0.000220597307438":1,"0.00124874495423":1,"0.000512337338903":1,"0.000122666909644":1,"0.00037923787591":1,"0.000357744273246":1,"7.39312032324e-05":1,"0.000465240748011":1,"0.000811078423415":1,"0.000351074543147":1,"0.000350547685459":1,"0.000164290188631":1,"8.38053795906e-05":1,"0.000177030179367":1,"0.000108960230033":1,"0.000101740419936":1,"8.64973505915e-05":1,"0.000852204443889":1,"0.000158049196102":1,"0.000108981831274":1,"0.000153872986056":1,"0.000402463172289":1,"8.8107787503e-05":1,"0.000115535529605":1,"0.00126466001162":1}},"Ward_No":{"type":"string","distinct":40,"row_count":40,"values":{"34":1,"8":1,"17":1,"16":1,"5":1,"7":1,"9":1,"21":1,"1":1,"22":1,"18":1,"12":1,"11":1,"37":1,"35":1,"24":1,"39":1,"36":1,"6":1,"2":1,"31":1,"30":1,"27":1,"40":1,"38":1,"13":1,"32":1,"19":1,"26":1,"23":1,"15":1,"20":1,"3":1,"4":1,"14":1,"29":1,"28":1,"33":1,"10":1,"25":1}}}}