{"row_count":77,"columns":{"OGC_FID":{"type":"number","distinct":77,"row_count":77,"values":{"13":1,"19":1,"23":1,"26":1,"32":1,"38":1,"40":1,"47":1,"64":1,"5":1,"7":1,"9":1,"68":1,"70":1,"6":1,"36":1,"39":1,"59":1,"24":1,"35":1,"37":1,"51":1,"57":1,"60":1,"62":1,"0":1,"21":1,"44":1,"46":1,"48":1,"56":1,"69":1,"74":1,"76":1,"15":1,"20":1,"52":1,"53":1,"58":1,"63":1,"75":1,"2":1,"27":1,"30":1,"31":1,"12":1,"34":1,"41":1,"72":1,"8":1,"16":1,"17":1,"43":1,"55":1,"67":1,"11":1,"45":1,"14":1,"28":1,"29":1,"54":1,"61":1,"66":1,"1":1,"18":1,"22":1,"42":1,"65":1,"10":1,"25":1,"33":1,"73":1,"3":1,"4":1,"49":1,"50":1,"71":1}},"Shape_Leng":{"type":"number","distinct":76,"row_count":77,"values":{"0.0230222876254":2,"0.00861246996829":1,"0.0456669106198":1,"0.0296801238078":1,"0.0294308514958":1,"0.0455075173802":1,"0.00570288949395":1,"0.0254163014979":1,"0.0303192725965":1,"0.00790134955428":1,"0.0121971085609":1,"0.0258399110029":1,"0.0064630161857":1,"0.0840870193804":1,"0.0567388559989":1,"0.0630522310203":1,"0.0175032934896":1,"0.0221135633243":1,"0.0350935206769":1,"0.0283050992625":1,"0.0567068271476":1,"0.0349955268853":1,"0.0344232100744":1,"0.0121752415031":1,"0.0505294336151":1,"0.0338872275137":1,"0.0271667676284":1,"0.0778611446997":1,"0.0625517006933":1,"0.0220459029945":1,"0.0372065115724":1,"0.0185367256255":1,"0.0302412221623":1,"0.0227511409669":1,"0.00763247466595":1,"0.00756285070326":1,"0.0272642957554":1,"0.033254851167":1,"0.0421459609161":1,"0.00567047951576":1,"0.0695505417846":1,"0.0646497368105":1,"0.0170436978638":1,"0.0143639369971":1,"0.0332947128284":1,"0.0116386784413":1,"0.0503928395419":1,"0.0131698154289":1,"0.0220392290065":1,"0.0388974695078":1,"0.0455486927971":1,"0.0932718364892":1,"0.0120134793146":1,"0.0503748760001":1,"0.0123057470527":1,"0.0330020735382":1,"0.0151296292585":1,"0.0250393765237":1,"0.0452080328092":1,"0.0439389385455":1,"0.0126185821772":1,"0.00537361888942":1,"0.0332402095179":1,"0.0748308520157":1,"0.008852386413":1,"0.0293588463234":1,"0.0582387803667":1,"0.0129682411629":1,"0.0208478583015":1,"0.0298035517791":1,"0.0693089156551":1,"0.153024829858":1,"0.0134450759379":1,"0.0110662009501":1,"0.0185612386957":1,"0.0281732402077":1}},"Shape_Area":{"type":"number","distinct":76,"row_count":77,"values":{"3.19240778846e-05":2,"0.000136399400922":1,"0.000168550152204":1,"7.69059096488e-05":1,"1.04941029575e-05":1,"4.53128313969e-05":1,"3.8345497013e-05":1,"8.55714448666e-06":1,"8.04945087632e-06":1,"6.00352523646e-05":1,"0.000209759566625":1,"5.57778820442e-06":1,"4.01367191758e-05":1,"0.000235504565466":1,"8.27018486355e-05":1,"0.000103026452217":1,"7.2292955584e-06":1,"3.2894582985e-06":1,"0.000371995395772":1,"2.95449747042e-05":1,"1.42562050065e-05":1,"3.30728776781e-05":1,"3.57904358333e-05":1,"6.56888555973e-05":1,"3.46957496966e-06":1,"1.23928602338e-05":1,"4.36629775298e-06":1,"9.20107308606e-06":1,"3.36365819208e-06":1,"2.50177984328e-05":1,"0.000254004626482":1,"0.000176453735849":1,"1.45110055003e-05":1,"3.08898465431e-05":1,"1.8991250288e-05":1,"2.80954577784e-05":1,"2.31180052799e-05":1,"0.000204223515378":1,"2.49894290196e-05":1,"2.15958045003e-05":1,"6.4123880224e-05":1,"4.00324296642e-05":1,"0.00046029591055":1,"3.69890701e-06":1,"1.86111544629e-06":1,"3.15476587221e-05":1,"4.78326696315e-05":1,"9.4313308413e-06":1,"2.11547961746e-05":1,"2.54966907161e-05":1,"0.00026423450737":1,"0.000123214362717":1,"6.8008068359e-05":1,"0.000129514642043":1,"2.16988799801e-05":1,"5.3974202569e-05":1,"1.05104114229e-05":1,"7.18959302862e-06":1,"6.96794667375e-07":1,"0.000209592799543":1,"2.84735158087e-05":1,"9.04992905929e-06":1,"2.97814418944e-05":1,"4.11779326696e-05":1,"7.63783450554e-05":1,"1.83075126541e-06":1,"3.37986980297e-05":1,"4.45584823991e-05":1,"4.75488036772e-06":1,"2.55441551247e-05":1,"0.000234364703794":1,"8.45702796414e-05":1,"2.15205392774e-06":1,"7.93405741101e-06":1,"4.26666021904e-05":1,"2.70478188841e-05":1}},"WARD_NO":{"type":"string","distinct":77,"row_count":77,"values":{"74":1,"69":1,"56":1,"48":1,"46":1,"21":1,"76":1,"77":1,"44":1,"67":1,"55":1,"16":1,"17":1,"8":1,"43":1,"62":1,"57":1,"37":1,"35":1,"60":1,"51":1,"24":1,"70":1,"68":1,"9":1,"5":1,"7":1,"73":1,"33":1,"10":1,"25":1,"65":1,"22":1,"18":1,"1":1,"42":1,"12":1,"72":1,"34":1,"41":1,"11":1,"45":1,"71":1,"50":1,"3":1,"4":1,"49":1,"39":1,"59":1,"36":1,"6":1,"64":1,"40":1,"38":1,"13":1,"26":1,"47":1,"32":1,"23":1,"19":1,"63":1,"58":1,"53":1,"52":1,"15":1,"20":1,"75":1,"27":1,"30":1,"31":1,"2":1,"66":1,"61":1,"54":1,"29":1,"28":1,"14":1}}}}